{"cameraMode":{"drawMode":0,"name":"Shaded","section":"Shading Mode"},"sceneLighting":true,"audioPlay":false,"sceneViewState":{"showFog":true,"showMaterialUpdate":false,"showSkybox":true,"showFlares":true,"showImageEffects":true,"showParticleSystems":true},"in2DMode":false,"pivot":{"x":5.5687689781188969,"y":-2.5492453575134279,"z":-11.584304809570313},"rotation":{"x":-0.3029434084892273,"y":-0.593295156955719,"z":0.2566736042499542,"w":-0.7002495527267456},"size":8.70493221282959,"orthographic":false}