{"cameraMode":{"drawMode":0,"name":"Shaded","section":"Shading Mode"},"sceneLighting":false,"audioPlay":false,"sceneViewState":{"showFog":true,"showMaterialUpdate":false,"showSkybox":false,"showFlares":true,"showImageEffects":true,"showParticleSystems":true},"in2DMode":false,"pivot":{"x":-2.9748728275299074,"y":1.3034656047821046,"z":-11.400898933410645},"rotation":{"x":0.11619536578655243,"y":0.11919636279344559,"z":-0.014047820121049881,"w":0.9859530329704285},"size":-2.407668113708496,"orthographic":false}