{"cameraMode":{"drawMode":0,"name":"Shaded","section":"Shading Mode"},"sceneLighting":true,"audioPlay":false,"sceneViewState":{"showFog":true,"showMaterialUpdate":false,"showSkybox":true,"showFlares":true,"showImageEffects":true,"showParticleSystems":true},"in2DMode":false,"pivot":{"x":26.621227264404298,"y":-0.7755355834960938,"z":17.8695125579834},"rotation":{"x":0.08266502618789673,"y":0.43662843108177187,"z":-0.040334902703762057,"w":0.894939661026001},"size":34.92771911621094,"orthographic":false}