{"cameraMode":{"drawMode":0,"name":"Shaded","section":"Shading Mode"},"sceneLighting":true,"audioPlay":false,"sceneViewState":{"showFog":true,"showMaterialUpdate":false,"showSkybox":false,"showFlares":true,"showImageEffects":true,"showParticleSystems":true},"in2DMode":false,"pivot":{"x":2.783994674682617,"y":0.9444999694824219,"z":-3.8325002193450929},"rotation":{"x":0.053471289575099948,"y":-0.08467842638492584,"z":-0.004551479127258062,"w":-0.9949641823768616},"size":60.01556396484375,"orthographic":false}